name,type,start_time,duration,"mosi","miso"
"SPI","enable",-0,0.000000083,,
"SPI [1]","enable",-0,0.000000083,,
"SPI","result",0.000029833,0.000007583,0xA0,0x0E
"SPI [1]","result",0.000029833,0.000007583," ","."
"SPI","result",0.000039333,0.000007583,0x00,0x00
"SPI [1]","result",0.000039333,0.000007583,"\0","\0"
"SPI","result",0.000048833,0.000007583,0x00,0x00
"SPI [1]","result",0.000048833,0.000007583,"\0","\0"
"SPI","result",0.000058333,0.000007583,0x01,0x00
"SPI [1]","result",0.000058333,0.000007583,".","\0"
"SPI","result",0.000067833,0.000007583,0x0C,0x00
"SPI [1]","result",0.000067833,0.000007583,".","\0"
"SPI","result",0.000077333,0.000007583,0x45,0x00
"SPI [1]","result",0.000077333,0.000007583,"E","\0"
"SPI","result",0.000086833,0.000007583,0x73,0x00
"SPI [1]","result",0.000086833,0.000007583,"s","\0"
"SPI","result",0.000096333,0.000007583,0x74,0x00
"SPI [1]","result",0.000096333,0.000007583,"t","\0"
"SPI","result",0.000105833,0.000007583,0x75,0x00
"SPI [1]","result",0.000105833,0.000007583,"u","\0"
"SPI","result",0.000115333,0.000007583,0x64,0x00
"SPI [1]","result",0.000115333,0.000007583,"d","\0"
"SPI","result",0.000124833,0.000007583,0x69,0x00
"SPI [1]","result",0.000124833,0.000007583,"i","\0"
"SPI","result",0.000134333,0.000007583,0x61,0x00
"SPI [1]","result",0.000134333,0.000007583,"a","\0"
"SPI","result",0.000143833,0.000007583,0x6E,0x00
"SPI [1]","result",0.000143833,0.000007583,"n","\0"
"SPI","result",0.000153333,0.000007583,0x74,0x00
"SPI [1]","result",0.000153333,0.000007583,"t","\0"
"SPI","result",0.000162833,0.000007583,0x65,0x00
"SPI [1]","result",0.000162833,0.000007583,"e","\0"
"SPI","result",0.000172333,0.000007583,0x20,0x00
"SPI [1]","result",0.000172333,0.000007583," ","\0"
"SPI","result",0.000181833,0.000007583,0x31,0x00
"SPI [1]","result",0.000181833,0.000007583,"1","\0"
"SPI","result",0.000191333,0.000007583,0x00,0x00
"SPI [1]","result",0.000191333,0.000007583,"\0","\0"
"SPI","result",0.000200833,0.000007583,0x00,0x00
"SPI [1]","result",0.000200833,0.000007583,"\0","\0"
"SPI","result",0.000210333,0.000007583,0x00,0x00
"SPI [1]","result",0.000210333,0.000007583,"\0","\0"
"SPI","result",0.000219833,0.000007583,0x00,0x00
"SPI [1]","result",0.000219833,0.000007583,"\0","\0"
"SPI","result",0.000229333,0.000007583,0x00,0x00
"SPI [1]","result",0.000229333,0.000007583,"\0","\0"
"SPI","result",0.000238833,0.000007583,0x00,0x00
"SPI [1]","result",0.000238833,0.000007583,"\0","\0"
"SPI","result",0.000248333,0.000007583,0x00,0x00
"SPI [1]","result",0.000248333,0.000007583,"\0","\0"
"SPI","result",0.000257833,0.000007583,0x00,0x00
"SPI [1]","result",0.000257833,0.000007583,"\0","\0"
"SPI","result",0.000267333,0.000007583,0x00,0x00
"SPI [1]","result",0.000267333,0.000007583,"\0","\0"
"SPI","result",0.000276833,0.000007583,0x00,0x00
"SPI [1]","result",0.000276833,0.000007583,"\0","\0"
"SPI","result",0.000286333,0.000007583,0x00,0x00
"SPI [1]","result",0.000286333,0.000007583,"\0","\0"
"SPI","result",0.000295833,0.000007583,0x00,0x00
"SPI [1]","result",0.000295833,0.000007583,"\0","\0"
"SPI","result",0.000305333,0.000007583,0x00,0x00
"SPI [1]","result",0.000305333,0.000007583,"\0","\0"
"SPI","result",0.000314833,0.000007583,0x00,0x00
"SPI [1]","result",0.000314833,0.000007583,"\0","\0"
"SPI","result",0.000324333,0.000007583,0x00,0x00
"SPI [1]","result",0.000324333,0.000007583,"\0","\0"
"SPI","result",0.000333833,0.000007583,0x00,0x00
"SPI [1]","result",0.000333833,0.000007583,"\0","\0"
"SPI","disable",0.00035125,0.000000083,,
"SPI [1]","disable",0.00035125,0.000000083,,
"SPI","enable",0.000583583,0.000000083,,
"SPI [1]","enable",0.000583583,0.000000083,,
"SPI","result",0.0005935,0.000007583,0xFF,0x0E
"SPI [1]","result",0.0005935,0.000007583,"ÿ","."
"SPI","disable",0.000605667,0.000000083,,
"SPI [1]","disable",0.000605667,0.000000083,,
"SPI","enable",0.000762333,0.000000083,,
"SPI [1]","enable",0.000762333,0.000000083,,
"SPI","result",0.000769333,0.000007583,0xFF,0x0E
"SPI [1]","result",0.000769333,0.000007583,"ÿ","."
"SPI","disable",0.000781583,0.000000083,,
"SPI [1]","disable",0.000781583,0.000000083,,
"SPI","enable",0.000933,0.000000083,,
"SPI [1]","enable",0.000933,0.000000083,,
"SPI","result",0.000940167,0.000007583,0xFF,0x0E
"SPI [1]","result",0.000940167,0.000007583,"ÿ","."
"SPI","disable",0.000952083,0.000000083,,
"SPI [1]","disable",0.000952083,0.000000083,,
"SPI","enable",0.00109825,0.000000083,,
"SPI [1]","enable",0.00109825,0.000000083,,
"SPI","result",0.00110575,0.000007583,0xFF,0x2E
"SPI [1]","result",0.00110575,0.000007583,"ÿ","."
"SPI","disable",0.001118583,0.000000083,,
"SPI [1]","disable",0.001118583,0.000000083,,
"SPI","enable",0.001342083,0.000000083,,
"SPI [1]","enable",0.001342083,0.000000083,,
"SPI","result",0.0013485,0.000007583,0x27,0x2E
"SPI [1]","result",0.0013485,0.000007583,"'","."
"SPI","result",0.001358,0.000007583,0x70,0x00
"SPI [1]","result",0.001358,0.000007583,"p","\0"
"SPI","disable",0.00136975,0.000000083,,
"SPI [1]","disable",0.00136975,0.000000083,,
